Candidate_ID,SMILES,GNN_pIC50,Vina_Affinity_kcal_mol,Status
EGFR-Lead-01,CCCC1C2C3C(CCCCN4C5C(C67CC6CC6C(C)C67)N54)C123,2.8075202822685243,-5.4,Ready for Vina Shell Exec
EGFR-Lead-02,CCC1CC1CCC1C2C1C21CC1CCC1CC1NC1NCCC2C(C)C12,2.786877759695053,-5.550000000000001,Ready for Vina Shell Exec
EGFR-Lead-03,CCNC1C2N1C21CC1CCC1CC1CC12CC1CC1C(C)C12,2.7859685587883,-5.7,Ready for Vina Shell Exec
EGFR-Lead-04,CCC1C2C1N2C1CC1CCCC1CC12CC2CNC1CC1CC1CCCC2C(C)C12,2.7787986803054814,-5.8500000000000005,Ready for Vina Shell Exec
EGFR-Lead-05,CC1C2CCCC(CNCCCCC3CC34NC4CCCCCCC3CC3)C12,2.777819387912751,-6.0,Ready for Vina Shell Exec
EGFR-Lead-06,CC1C2C1C2C1NC1CCCC1CC12CC2CCC1NC1CN1CCCC2C(C)C21,2.77471564412117,-6.15,Ready for Vina Shell Exec
EGFR-Lead-07,CC1C2CNCC(CC3CC3CCC3CC34CC4CCCCCCC3C4CN34)C12,2.766307151317597,-6.300000000000001,Ready for Vina Shell Exec
EGFR-Lead-08,CC1CC1CCN1C2C1C21CC1CCC1CC1CC1NCCC2C(C)C12,2.746695454120636,-6.45,Ready for Vina Shell Exec
EGFR-Lead-09,CC1C2NCCC(CC3CC3CCC3CC34C3C(CCCCN)C34)C12,2.729208705425263,-6.6000000000000005,Ready for Vina Shell Exec
